Instance;chuffed_K_Found;chuffed_SAT;chuffed_Time_Seconds;gecode_K_Found;gecode_SAT;gecode_Time_Seconds;HiGHs_K_Found;HiGHs_SAT;HiGHs_Time_Seconds;ortools_K_Found;ortools_SAT;ortools_Time_Seconds
i0;3;SAT;0,5917;3;SAT;0,838;3;SAT;0,67;3;SAT;0,7375
i1;4;SAT;0,9341;4;SAT;1,057;4;SAT;1,3128;4;SAT;1,1806
i2;2;SAT;0,4931;2;SAT;8,0609;2;SAT;0,4799;2;SAT;3,5596
i3;5;SAT;1,2302;5;SAT;1,5533;5;SAT;2,8387;5;SAT;1,4965
i4;3;SAT;0,7262;3;SAT;0,8172;3;SAT;0,6774;3;SAT;0,9067
i5;5;SAT;1,4913;5;SAT;1,3294;5;SAT;2,3638;5;SAT;1,4688
i6;6;SAT;1,5206;6;SAT;1,7644;6;SAT;4,1774;6;SAT;1,9306
i7;5;SAT;1,4405;5;SAT;1,2113;5;SAT;1,5556;5;SAT;1,4479
i8;4;SAT;1,1567;4;SAT;1,0465;4;SAT;1,2344;4;SAT;1,1641
i9;2;SAT;0,4563;2;SAT;0,4592;2;SAT;0,4156;2;SAT;0,4856
i10;4;SAT;0,9839;4;SAT;1,2207;4;SAT;1,3623;4;SAT;1,0728
i11;6;SAT;1,4466;6;SAT;1,4933;6;SAT;6,9292;6;SAT;2,1434
i12;6;SAT;1,6524;6;SAT;1,6738;6;SAT;3,8019;6;SAT;1,9182
i13;5;SAT;1,3608;5;SAT;1,2994;5;SAT;1,5439;5;SAT;1,3719
i14;4;SAT;1,04;4;SAT;1,0655;4;SAT;1,2838;4;SAT;0,9937
i15;4;SAT;1,046;4;SAT;0,8647;4;SAT;1,226;4;SAT;1,2543
i16;3;SAT;0,908;3;SAT;0,7987;3;SAT;0,7654;3;SAT;0,8266
i17;3;SAT;0,772;3;SAT;0,6245;3;SAT;0,7312;3;SAT;0,8105
i18;5;SAT;1,3439;5;SAT;1,1041;5;SAT;3,4868;5;SAT;1,4117
i19;6;SAT;1,4159;6;SAT;1,6166;6;SAT;4,3917;6;SAT;1,7708
i20;5;SAT;1,389;5;SAT;1,2526;5;SAT;2,8056;5;SAT;1,5985
i21;5;SAT;1,2745;5;SAT;1,574;5;SAT;4,2941;5;SAT;1,5931
i22;6;SAT;1,6599;6;SAT;1,7885;6;SAT;6,7762;6;SAT;2,0013
i23;3;SAT;0,759;3;SAT;0,8139;3;SAT;0,7965;3;SAT;0,8132
i24;2;SAT;0,4182;2;SAT;0,5467;2;SAT;0,4761;2;SAT;0,6052
i25;3;SAT;0,7916;3;SAT;0,7831;3;SAT;0,8153;3;SAT;0,8283
i26;6;SAT;1,5147;6;SAT;1,4251;6;SAT;4,1176;6;SAT;1,854
i27;6;SAT;1,7058;6;SAT;1,4592;6;SAT;8,9741;6;SAT;2,1805
i28;5;SAT;1,4442;5;SAT;1,5958;5;SAT;2,2239;5;SAT;1,3332
i29;6;SAT;1,592;6;SAT;1,764;6;SAT;8,6331;6;SAT;1,9536
i30;5;SAT;1,3328;5;SAT;1,5897;5;SAT;2,0508;5;SAT;1,2831
i31;6;SAT;1,7306;6;SAT;1,7296;6;SAT;6,7389;6;SAT;1,8298
i32;5;SAT;1,3821;5;SAT;1,5035;5;SAT;2,3136;5;SAT;1,4768
i33;5;SAT;1,4469;5;SAT;1,381;5;SAT;2,8266;5;SAT;1,3014
i34;5;SAT;1,3543;5;SAT;1,3182;5;SAT;2,4019;5;SAT;1,5247
i35;5;SAT;1,3107;5;SAT;1,2578;5;SAT;2,4613;5;SAT;1,6553
i36;6;SAT;1,5652;6;SAT;1,642;6;SAT;10,4344;6;SAT;2,2187
i37;5;SAT;1,3526;5;SAT;1,4183;5;SAT;2,1428;5;SAT;1,5882
i38;5;SAT;1,2398;5;SAT;1,2949;5;SAT;3,9567;5;SAT;1,6067
i39;5;SAT;1,2996;5;SAT;1,3959;5;SAT;2,597;5;SAT;1,701
i40;3;SAT;0,8077;3;SAT;0,8816;3;SAT;0,8455;3;SAT;0,8237
i41;4;SAT;1,0024;4;SAT;1,1217;4;SAT;1,7634;4;SAT;1,2249
i42;9;SAT;3,6483;9;SAT;238,317;;TIMEOUT;300,0;9;SAT;7,8584
i43;8;SAT;2,6216;8;SAT;27,923;;TIMEOUT;300,0;8;SAT;5,1098
i44;6;SAT;1,8136;6;SAT;2,1678;6;SAT;8,9103;6;SAT;2,1761
i45;5;SAT;1,1666;5;SAT;1,4881;5;SAT;6,6964;5;SAT;1,8116
i46;6;SAT;1,814;6;SAT;1,7531;6;SAT;16,9837;6;SAT;1,9948
i47;7;SAT;1,9972;7;SAT;6,2026;7;SAT;118,7858;7;SAT;2,9492
i48;6;SAT;1,4391;6;SAT;2,0325;6;SAT;20,4153;6;SAT;2,2397
i49;7;SAT;2,2579;7;SAT;3,3019;7;SAT;271,5935;7;SAT;3,2492
i50;5;SAT;1,4498;5;SAT;1,3499;5;SAT;3,0766;5;SAT;1,5521
i51;7;SAT;2,2297;7;SAT;3,0614;7;SAT;117,5754;7;SAT;3,2188
i52;5;SAT;1,2819;5;SAT;1,531;5;SAT;3,7708;5;SAT;1,6
i53;6;SAT;1,7732;6;SAT;3,1438;6;SAT;21,0504;6;SAT;2,2793
i54;6;SAT;1,6787;6;SAT;2,186;6;SAT;12,9955;6;SAT;2,1383
i55;4;SAT;1,1804;4;SAT;1,0717;4;SAT;1,7406;4;SAT;1,1813
i56;7;SAT;2,3764;7;SAT;8,7356;7;SAT;234,0221;7;SAT;3,1777
i57;6;SAT;1,7663;6;SAT;2,8349;6;SAT;11,2336;6;SAT;2,206
i58;5;SAT;1,2791;5;SAT;1,5792;5;SAT;5,5152;5;SAT;1,5491
i59;8;SAT;2,4746;8;SAT;86,2997;;TIMEOUT;300,0;8;SAT;4,3266
i60;4;SAT;1,1161;4;SAT;1,2027;4;SAT;2,1882;4;SAT;1,2744
i61;7;SAT;2,245;7;SAT;20,8503;7;SAT;151,7373;7;SAT;3,5938
i62;7;SAT;2,4544;7;SAT;10,7723;;TIMEOUT;300,0;7;SAT;3,6204
i63;10;SAT;4,0853;;TIMEOUT;300,0;;TIMEOUT;300,0;10;SAT;17,309
i64;5;SAT;1,4904;5;SAT;2,2171;5;SAT;6,4781;5;SAT;1,9364
i65;4;SAT;1,2276;4;SAT;1,1519;4;SAT;3,2526;4;SAT;1,3619
i66;6;SAT;2,0114;6;SAT;3,002;6;SAT;48,9844;6;SAT;2,9815
i67;9;SAT;4,6733;;TIMEOUT;300,0;;TIMEOUT;300,0;9;SAT;14,0875
i68;8;SAT;2,801;8;SAT;15,8747;;TIMEOUT;300,0;8;SAT;5,7811
i69;6;SAT;2,0588;6;SAT;2,9533;6;SAT;33,4548;6;SAT;2,4002
i70;5;SAT;1,2459;5;SAT;1,5217;5;SAT;10,4675;5;SAT;1,9906
i71;6;SAT;1,9707;6;SAT;2,33;6;SAT;51,2106;6;SAT;2,6695
i72;8;SAT;3,1292;;TIMEOUT;300,0;;TIMEOUT;300,0;8;SAT;5,4717
i73;7;SAT;2,1313;7;SAT;12,576;;TIMEOUT;300,0;7;SAT;3,3406
i74;6;SAT;2,1868;6;SAT;2,3265;6;SAT;99,7484;6;SAT;2,8946
i75;5;SAT;1,3334;5;SAT;1,5249;5;SAT;5,2138;5;SAT;1,9157
i76;7;SAT;2,2701;7;SAT;20,5868;;TIMEOUT;300,0;7;SAT;3,5255
i77;5;SAT;1,4481;5;SAT;1,2499;5;SAT;9,5341;5;SAT;1,7795
i78;10;SAT;6,4959;;TIMEOUT;300,0;;TIMEOUT;300,0;10;SAT;65,1609
i79;7;SAT;2,0432;7;SAT;18,551;7;SAT;163,0229;7;SAT;3,2666
i80;5;SAT;1,432;5;SAT;1,5382;5;SAT;9,7399;5;SAT;2,192
i81;8;SAT;3,1591;;TIMEOUT;300,0;;TIMEOUT;300,0;8;SAT;17,1152
i82;9;SAT;3,7674;;TIMEOUT;300,0;;TIMEOUT;300,0;9;SAT;13,2501
i83;7;SAT;2,5321;7;SAT;299,638;7;SAT;248,494;7;SAT;3,2622
i84;8;SAT;2,9997;8;SAT;191,5978;;TIMEOUT;300,0;8;SAT;5,5925
i85;5;SAT;1,4187;5;SAT;1,8146;5;SAT;8,6191;5;SAT;1,9032
i86;7;SAT;2,3795;7;SAT;28,1962;;TIMEOUT;300,0;7;SAT;4,357
i87;8;SAT;2,9948;;TIMEOUT;300,0;;TIMEOUT;300,0;8;SAT;5,892
i88;6;SAT;2,056;6;SAT;2,1292;6;SAT;31,9138;6;SAT;2,5993
i89;8;SAT;3,3873;;TIMEOUT;300,0;;TIMEOUT;300,0;8;SAT;10,3185
i90;5;SAT;1,4864;5;SAT;1,8424;5;SAT;7,1547;5;SAT;2,019
i91;7;SAT;2,48;7;SAT;8,3506;;TIMEOUT;300,0;7;SAT;3,8332
i92;8;SAT;3,0578;;TIMEOUT;300,0;;TIMEOUT;300,0;8;SAT;11,4485
i93;9;SAT;3,5633;;TIMEOUT;300,0;;TIMEOUT;300,0;9;SAT;14,1471
i94;8;SAT;3,0191;;TIMEOUT;300,0;;TIMEOUT;300,0;8;SAT;11,0681
i95;4;SAT;1,0863;4;SAT;1,2796;4;SAT;2,2906;4;SAT;1,4069
i96;7;SAT;2,2171;7;SAT;39,8175;;TIMEOUT;300,0;7;SAT;3,856
i97;8;SAT;2,9141;;TIMEOUT;300,0;;TIMEOUT;300,0;8;SAT;6,6728
i98;8;SAT;2,6577;;TIMEOUT;300,0;;TIMEOUT;300,0;8;SAT;9,6798
i99;8;SAT;2,871;;TIMEOUT;300,0;;TIMEOUT;300,0;8;SAT;7,2609
