Timestamp,Instance,Nodes,Max_K,Solved_at_K,Status,Time_Seconds
2026-02-05 19:46:58,instance_n10_c0_k11_i2.dzn,10,11,2,SAT,8.0609
2026-02-05 19:47:06,instance_n10_c0_k14_i3.dzn,10,14,5,SAT,1.5533
2026-02-05 19:47:07,instance_n10_c0_k17_i4.dzn,10,17,3,SAT,0.8172
2026-02-05 19:47:08,instance_n10_c0_k5_i0.dzn,10,5,3,SAT,0.8380
2026-02-05 19:47:09,instance_n10_c0_k8_i1.dzn,10,8,4,SAT,1.0570
2026-02-05 19:47:10,instance_n10_c1_k11_i7.dzn,10,11,5,SAT,1.2113
2026-02-05 19:47:12,instance_n10_c1_k14_i8.dzn,10,14,4,SAT,1.0465
2026-02-05 19:47:13,instance_n10_c1_k17_i9.dzn,10,17,2,SAT,0.4592
2026-02-05 19:47:13,instance_n10_c1_k5_i5.dzn,10,5,5,SAT,1.3294
2026-02-05 19:47:15,instance_n10_c1_k8_i6.dzn,10,8,6,SAT,1.7644
2026-02-05 19:47:16,instance_n10_c2_k11_i12.dzn,10,11,6,SAT,1.6738
2026-02-05 19:47:18,instance_n10_c2_k14_i13.dzn,10,14,5,SAT,1.2994
2026-02-05 19:47:19,instance_n10_c2_k17_i14.dzn,10,17,4,SAT,1.0655
2026-02-05 19:47:20,instance_n10_c2_k5_i10.dzn,10,5,4,SAT,1.2207
2026-02-05 19:47:22,instance_n10_c2_k8_i11.dzn,10,8,6,SAT,1.4933
2026-02-05 19:47:23,instance_n10_c3_k11_i17.dzn,10,11,3,SAT,0.6245
2026-02-05 19:47:24,instance_n10_c3_k14_i18.dzn,10,14,5,SAT,1.1041
2026-02-05 19:47:25,instance_n10_c3_k17_i19.dzn,10,17,6,SAT,1.6166
2026-02-05 19:47:27,instance_n10_c3_k5_i15.dzn,10,5,4,SAT,0.8647
2026-02-05 19:47:28,instance_n10_c3_k8_i16.dzn,10,8,3,SAT,0.7987
2026-02-05 19:47:28,instance_n14_c0_k11_i22.dzn,14,11,6,SAT,1.7885
2026-02-05 19:47:30,instance_n14_c0_k14_i23.dzn,14,14,3,SAT,0.8139
2026-02-05 19:47:31,instance_n14_c0_k17_i24.dzn,14,17,2,SAT,0.5467
2026-02-05 19:47:32,instance_n14_c0_k5_i20.dzn,14,5,5,SAT,1.2526
2026-02-05 19:47:33,instance_n14_c0_k8_i21.dzn,14,8,5,SAT,1.5740
2026-02-05 19:47:35,instance_n14_c1_k11_i27.dzn,14,11,6,SAT,1.4592
2026-02-05 19:47:36,instance_n14_c1_k14_i28.dzn,14,14,5,SAT,1.5958
2026-02-05 19:47:38,instance_n14_c1_k17_i29.dzn,14,17,6,SAT,1.7640
2026-02-05 19:47:40,instance_n14_c1_k5_i25.dzn,14,5,3,SAT,0.7831
2026-02-05 19:47:40,instance_n14_c1_k8_i26.dzn,14,8,6,SAT,1.4251
2026-02-05 19:47:42,instance_n14_c2_k11_i32.dzn,14,11,5,SAT,1.5035
2026-02-05 19:47:43,instance_n14_c2_k14_i33.dzn,14,14,5,SAT,1.3810
2026-02-05 19:47:45,instance_n14_c2_k17_i34.dzn,14,17,5,SAT,1.3182
2026-02-05 19:47:46,instance_n14_c2_k5_i30.dzn,14,5,5,SAT,1.5897
2026-02-05 19:47:48,instance_n14_c2_k8_i31.dzn,14,8,6,SAT,1.7296
2026-02-05 19:47:50,instance_n14_c3_k11_i37.dzn,14,11,5,SAT,1.4183
2026-02-05 19:47:51,instance_n14_c3_k14_i38.dzn,14,14,5,SAT,1.2949
2026-02-05 19:47:52,instance_n14_c3_k17_i39.dzn,14,17,5,SAT,1.3959
2026-02-05 19:47:54,instance_n14_c3_k5_i35.dzn,14,5,5,SAT,1.2578
2026-02-05 19:47:55,instance_n14_c3_k8_i36.dzn,14,8,6,SAT,1.6420
2026-02-05 19:47:57,instance_n18_c0_k11_i42.dzn,18,11,9,SAT,238.3170
2026-02-05 19:51:55,instance_n18_c0_k14_i43.dzn,18,14,8,SAT,27.9230
2026-02-05 19:52:23,instance_n18_c0_k17_i44.dzn,18,17,6,SAT,2.1678
2026-02-05 19:52:25,instance_n18_c0_k5_i40.dzn,18,5,3,SAT,0.8816
2026-02-05 19:52:26,instance_n18_c0_k8_i41.dzn,18,8,4,SAT,1.1217
2026-02-05 19:52:28,instance_n18_c1_k11_i47.dzn,18,11,7,SAT,6.2026
2026-02-05 19:52:34,instance_n18_c1_k14_i48.dzn,18,14,6,SAT,2.0325
2026-02-05 19:52:36,instance_n18_c1_k17_i49.dzn,18,17,7,SAT,3.3019
2026-02-05 19:52:39,instance_n18_c1_k5_i45.dzn,18,5,5,SAT,1.4881
2026-02-05 19:52:41,instance_n18_c1_k8_i46.dzn,18,8,6,SAT,1.7531
2026-02-05 19:52:43,instance_n18_c2_k11_i52.dzn,18,11,5,SAT,1.5310
2026-02-05 19:52:44,instance_n18_c2_k14_i53.dzn,18,14,6,SAT,3.1438
2026-02-05 19:52:47,instance_n18_c2_k17_i54.dzn,18,17,6,SAT,2.1860
2026-02-05 19:52:49,instance_n18_c2_k5_i50.dzn,18,5,5,SAT,1.3499
2026-02-05 19:52:51,instance_n18_c2_k8_i51.dzn,18,8,7,SAT,3.0614
2026-02-05 19:52:54,instance_n18_c3_k11_i57.dzn,18,11,6,SAT,2.8349
2026-02-05 19:52:57,instance_n18_c3_k14_i58.dzn,18,14,5,SAT,1.5792
2026-02-05 19:52:58,instance_n18_c3_k17_i59.dzn,18,17,8,SAT,86.2997
2026-02-05 19:54:25,instance_n18_c3_k5_i55.dzn,18,5,4,SAT,1.0717
2026-02-05 19:54:26,instance_n18_c3_k8_i56.dzn,18,8,7,SAT,8.7356
2026-02-05 19:54:35,instance_n22_c0_k11_i62.dzn,22,11,7,SAT,10.7723
2026-02-05 19:54:45,instance_n22_c0_k14_i63.dzn,22,14,N/A,TIMEOUT,300.0000
2026-02-05 19:59:46,instance_n22_c0_k17_i64.dzn,22,17,5,SAT,2.2171
2026-02-05 19:59:48,instance_n22_c0_k5_i60.dzn,22,5,4,SAT,1.2027
2026-02-05 19:59:49,instance_n22_c0_k8_i61.dzn,22,8,7,SAT,20.8503
2026-02-05 20:00:10,instance_n22_c1_k11_i67.dzn,22,11,N/A,TIMEOUT,300.0000
2026-02-05 20:05:10,instance_n22_c1_k14_i68.dzn,22,14,8,SAT,15.8747
2026-02-05 20:05:26,instance_n22_c1_k17_i69.dzn,22,17,6,SAT,2.9533
2026-02-05 20:05:29,instance_n22_c1_k5_i65.dzn,22,5,4,SAT,1.1519
2026-02-05 20:05:30,instance_n22_c1_k8_i66.dzn,22,8,6,SAT,3.0020
2026-02-05 20:05:33,instance_n22_c2_k11_i72.dzn,22,11,N/A,TIMEOUT,300.0000
2026-02-05 20:10:34,instance_n22_c2_k14_i73.dzn,22,14,7,SAT,12.5760
2026-02-05 20:10:46,instance_n22_c2_k17_i74.dzn,22,17,6,SAT,2.3265
2026-02-05 20:10:49,instance_n22_c2_k5_i70.dzn,22,5,5,SAT,1.5217
2026-02-05 20:10:50,instance_n22_c2_k8_i71.dzn,22,8,6,SAT,2.3300
2026-02-05 20:10:52,instance_n22_c3_k11_i77.dzn,22,11,5,SAT,1.2499
2026-02-05 20:10:54,instance_n22_c3_k14_i78.dzn,22,14,N/A,TIMEOUT,300.0000
2026-02-05 20:15:54,instance_n22_c3_k17_i79.dzn,22,17,7,SAT,18.5510
2026-02-05 20:16:12,instance_n22_c3_k5_i75.dzn,22,5,5,SAT,1.5249
2026-02-05 20:16:14,instance_n22_c3_k8_i76.dzn,22,8,7,SAT,20.5868
2026-02-05 20:16:35,instance_n26_c0_k11_i82.dzn,26,11,N/A,TIMEOUT,300.0000
2026-02-05 20:21:35,instance_n26_c0_k14_i83.dzn,26,14,7,SAT,299.6380
2026-02-05 20:26:34,instance_n26_c0_k17_i84.dzn,26,17,8,SAT,191.5978
2026-02-05 20:29:46,instance_n26_c0_k5_i80.dzn,26,5,5,SAT,1.5382
2026-02-05 20:29:48,instance_n26_c0_k8_i81.dzn,26,8,N/A,TIMEOUT,300.0000
2026-02-05 20:34:48,instance_n26_c1_k11_i87.dzn,26,11,N/A,TIMEOUT,300.0000
2026-02-05 20:39:48,instance_n26_c1_k14_i88.dzn,26,14,6,SAT,2.1292
2026-02-05 20:39:50,instance_n26_c1_k17_i89.dzn,26,17,N/A,TIMEOUT,300.0000
2026-02-05 20:44:50,instance_n26_c1_k5_i85.dzn,26,5,5,SAT,1.8146
2026-02-05 20:44:52,instance_n26_c1_k8_i86.dzn,26,8,7,SAT,28.1962
2026-02-05 20:45:21,instance_n26_c2_k11_i92.dzn,26,11,N/A,TIMEOUT,300.0000
2026-02-05 20:50:21,instance_n26_c2_k14_i93.dzn,26,14,N/A,TIMEOUT,300.0000
2026-02-05 20:55:21,instance_n26_c2_k17_i94.dzn,26,17,N/A,TIMEOUT,300.0000
2026-02-05 21:00:21,instance_n26_c2_k5_i90.dzn,26,5,5,SAT,1.8424
2026-02-05 21:00:23,instance_n26_c2_k8_i91.dzn,26,8,7,SAT,8.3506
2026-02-05 21:00:32,instance_n26_c3_k11_i97.dzn,26,11,N/A,TIMEOUT,300.0000
2026-02-05 21:05:32,instance_n26_c3_k14_i98.dzn,26,14,N/A,TIMEOUT,300.0000
2026-02-05 21:10:32,instance_n26_c3_k17_i99.dzn,26,17,N/A,TIMEOUT,300.0000
2026-02-05 21:15:32,instance_n26_c3_k5_i95.dzn,26,5,4,SAT,1.2796
2026-02-05 21:15:33,instance_n26_c3_k8_i96.dzn,26,8,7,SAT,39.8175
